0.000000000000000000e+00	-3.895594702896635481e-02	2.318996880514746506e-01	2.622677514303978774e-01	2.070307167192473805e-02	8.884554553620359341e-02	-5.082030150193166812e-02	-1.195905465117683281e-01	-2.487683346218299771e-02	-1.387588765258867540e-01	-2.228312657689726986e-02	1.535724605585997993e-01	8.980524118603398082e-03	-9.222620641269844988e-02	2.355106371243298746e-01	-5.353408305460895938e-02	-5.717579195589312518e-02	3.604484420085148078e-02	-3.011462734429198526e-02	6.921495239903759089e-02	1.009589825596811721e-02	-2.805392319623020367e-02	-8.069403203170390226e-02	-3.982856067253475602e-02	3.147868408269255402e-02	-1.625816172628279377e-01	1.894196184527634219e-01	8.447556241932327459e-02	-1.541159872767911346e-02	1.194307971331956542e-01	8.973199577015567030e-02	-1.423875909076256496e-01	5.752126421863923422e-02	-4.607218963194708444e-02	-6.574776037768627346e-02	6.842069222571567355e-02	-4.423560325636299861e-02	4.936780314909261502e-02	1.234387962850973103e-01	-5.476650168476308173e-02	-1.015019012892890392e-02	-3.330865169421432653e-02	1.517249714401927851e-01	1.335441059115736462e-01	4.835203958016608822e-02	-8.712513148415258757e-02	-2.324420030269697471e-02	2.560256123286200336e-01
-3.895594702896616746e-02	0.000000000000000000e+00	-2.192601570649509515e-02	9.799937793083350612e-02	-7.617257890882608851e-02	-4.115966335726740227e-02	1.100006694907498528e-01	-3.305823814170070346e-02	8.525734353562042581e-03	5.013753126959705209e-02	-6.568097834664864132e-02	3.419862732195516619e-02	-1.456956689348790079e-01	3.373174002399027122e-02	5.165885274575457431e-02	-3.263458536087814310e-05	-1.285011339661438004e-02	3.872411826507111271e-02	1.844447758697310424e-01	-3.486702518954113567e-02	7.595461645675383351e-03	1.104781334186134417e-01	-8.377137971408214756e-02	5.145253129950337623e-02	-9.250843630107194460e-02	-8.641850474254407499e-02	1.785355490589200962e-03	-3.695923824011283082e-02	1.895149355131532098e-01	1.880582824192067112e-02	-3.342574280615326354e-02	-1.163052953813291032e-02	1.327858528647055114e-01	9.937362267464480703e-02	-1.065585270876388546e-01	-3.739509654706228009e-02	-4.029526617239782144e-02	1.463057715738217968e-01	-1.769798225078319243e-01	9.290301955138918766e-02	3.511132987359721902e-01	1.670896433944256965e-01	1.794715230795064231e-01	1.922545035808822522e-01	7.034276948701428944e-02	-1.091925856553355445e-01	5.906947678053238449e-02	-1.178329270671373691e-01
2.318996880514735681e-01	-2.192601570649496331e-02	0.000000000000000000e+00	1.475203634247386209e-01	5.089207566725285209e-02	3.748690323679524858e-03	1.436559590524556507e-01	2.071365414178966691e-01	-8.463918013747199955e-04	9.807212829242512031e-02	8.341758738609728833e-04	-5.065050841811104959e-02	-1.294544969006326540e-01	-2.411401150771652901e-01	6.493801822496453324e-02	1.057264453410684951e-01	-8.712210084122538889e-02	6.850201746196216135e-02	-1.448063608745144872e-02	1.216065130030967306e-01	7.722717277822781223e-02	4.221402796667608065e-02	1.933808461196306339e-01	-5.581518701179519204e-02	-1.414218183955535391e-01	1.287561913376527589e-01	-7.674408030080906440e-02	2.181055830147282659e-01	-3.634391429352116371e-02	-4.180077274411782978e-02	3.072960941784983954e-02	1.332070028892654578e-01	1.537370181771047506e-01	1.825164891134735956e-01	1.241886607421378436e-01	3.841648875083115977e-02	-1.588692074059283588e-02	1.119889397719714547e-01	-5.659770409524492174e-02	-1.481148624597753427e-01	-6.076519196106070463e-03	-3.975982944458118090e-02	-1.029642285437155774e-01	-3.814951161980645322e-02	3.276310805603419030e-02	3.317956007373220467e-02	-1.263719535460056387e-01	-2.618299246810666323e-02
2.622677514303976554e-01	9.799937793083350612e-02	1.475203634247387041e-01	0.000000000000000000e+00	2.473056698545145760e-01	1.150212494831141380e-01	1.483199858154135575e-01	-1.227813378884428652e-01	1.054585453881842910e-01	2.298885263489474501e-02	6.015893256148702878e-02	4.697770138895004249e-02	-7.595357067379215898e-02	1.800274824531262197e-01	1.094090348554158793e-01	5.142849817875300156e-02	-9.033061867632449782e-02	1.870474151865748197e-02	-1.333269642163949220e-01	9.649456108083985517e-02	1.402910298662784494e-01	1.833386100586496259e-01	-7.068204329788473073e-02	6.448749280778408310e-02	-6.878393106265685841e-02	2.680252421648977867e-02	1.867942498362329395e-02	9.691261173024198761e-02	-5.902943952096453145e-02	4.033597919465732595e-02	6.976436530556092254e-04	1.882194896858277802e-02	-2.151248159337689203e-01	2.449104698419510562e-01	-8.362633852046426342e-02	5.369488454381453335e-02	2.379793836167802892e-02	-1.550209012272810161e-01	3.878942928966722797e-02	3.493397220487975269e-02	-1.373745138611683417e-02	4.861493797888132560e-04	-1.066040958730837124e-01	-8.888496531146652946e-02	4.044813319284734643e-02	-5.621180510258340368e-02	-8.323417627549456466e-02	-8.149178701843094730e-02
2.070307167192494968e-02	-7.617257890882603300e-02	5.089207566725280352e-02	2.473056698545144372e-01	0.000000000000000000e+00	4.026750021115726441e-01	-7.577672970266773056e-02	-1.746495808720424864e-03	-2.042764556741247794e-01	2.075999671999151919e-01	-2.377075214959738225e-01	-2.820008195602319995e-02	1.153280153515201661e-01	-2.214497397728938111e-01	-7.110584078085767368e-02	3.380216424967610878e-02	-7.562955972965611402e-03	-1.289499105902376930e-01	-4.740468404282544013e-02	-2.896779359987346897e-02	6.981875913636273467e-02	8.366641607337367559e-02	9.805906378072730412e-02	1.263470770245593844e-01	6.661705416655429313e-02	1.254953353099315383e-02	-4.952013802239024244e-03	-1.903505385112210235e-01	1.838735423290482063e-01	-6.585859565033096163e-02	-9.369764604639825578e-02	-9.427537729131992006e-02	1.821367240411364830e-01	1.991849887601538673e-03	1.499008021655037770e-01	-4.032867444946581365e-02	1.120621264873739725e-01	1.216642824820791946e-01	-2.369410289771400890e-01	6.269528718322394528e-03	-6.213666143237719236e-02	2.220774707055676866e-02	-1.444337269980885408e-01	1.187261562429038908e-01	3.921237481359326343e-02	7.706494597545744674e-02	1.570998884625346148e-01	-2.409349112260382106e-02
8.884554553620381545e-02	-4.115966335726724268e-02	3.748690323679137147e-03	1.150212494831140270e-01	4.026750021115730327e-01	0.000000000000000000e+00	1.316175070748106524e-01	-4.571199228749768008e-03	6.867087533779372976e-02	-2.483678993692436665e-01	9.567654331914088317e-02	4.438386469536683560e-02	1.434363491907848231e-01	2.161515376783183506e-01	-4.278854565300951873e-02	-1.058439495109871342e-01	-9.124206782045167496e-02	1.274593904869027461e-01	3.400205563267805764e-01	1.366539434403642450e-01	2.315282538625084915e-02	6.376119697295720701e-03	-7.719320014223050863e-02	-1.364710777238959359e-02	9.672861107478505915e-02	5.835739691132129509e-02	2.491391424562632018e-02	3.434696931063441899e-02	-1.433708484111191894e-01	-1.517161609000074463e-01	-1.120031758841831676e-01	1.681397782685479514e-01	5.615806738341441035e-02	-1.666100590599097625e-02	-2.732876623087781079e-02	1.066207135061165850e-01	-2.615296714941922618e-01	-1.426626302429899185e-01	-8.801117184893099757e-03	1.987740681910419790e-02	1.525985459176220915e-01	-2.938692442706500318e-02	1.494881883364020392e-01	7.130682380501306150e-02	-2.536820340193324808e-01	-3.466846141850930818e-02	3.543553030166173706e-02	-5.369253753018930070e-02
-5.082030150193216078e-02	1.100006694907492560e-01	1.436559590524557062e-01	1.483199858154140571e-01	-7.577672970266802199e-02	1.316175070748103471e-01	0.000000000000000000e+00	-5.055533128105133348e-03	1.616130601472851036e-01	4.228174057429171656e-02	1.961153119657533736e-02	-8.837498261921616916e-02	8.378841343488532822e-02	-1.195907631548533689e-01	-1.562113911203063532e-01	1.169893331667885283e-01	4.576097816614722591e-01	-3.357945094973583539e-02	1.556578200460537360e-02	-1.713521783441575644e-02	-8.044067969959631248e-02	-3.579463695187042743e-02	-8.427581207805508179e-02	-8.038178543210668103e-02	-1.085661515424962836e-01	2.893253387694703083e-01	8.285014764046548519e-02	-3.138227234972154611e-02	-1.527916240601965014e-01	-2.112523809880593323e-02	1.106513366502820950e-01	-1.114208601530306819e-01	-1.473703366798650716e-01	2.936983048931535514e-02	7.053210210608780451e-02	4.321892807048489937e-02	5.746813836966826322e-02	4.575878663330092827e-02	5.118977357347267998e-02	1.360264549426083713e-01	-1.175555435158240174e-02	9.240329896256667397e-02	-8.078212384865673945e-02	-3.096943958593528778e-02	1.329711137721475700e-01	4.980580018832212602e-02	-4.887912856820808864e-04	5.465396532905175686e-02
-1.195905465117684668e-01	-3.305823814170103653e-02	2.071365414178972519e-01	-1.227813378884428930e-01	-1.746495808720490350e-03	-4.571199228750144443e-03	-5.055533128104854057e-03	0.000000000000000000e+00	1.703769060195872709e-01	1.379837607802255339e-01	1.889319778765541358e-01	1.040652360404757532e-01	1.508682776648595236e-01	1.000254430028632013e-01	-1.998783653804556137e-01	2.396170988184148989e-02	-3.818564929635753780e-02	7.198483108794283269e-02	-4.265115417214594695e-02	1.409705075466845259e-02	-3.243148264785626622e-02	1.425736793370027504e-02	-1.655518061353178083e-01	7.812865296257276437e-02	-5.042439539572398516e-02	2.260349313209574634e-02	1.136456853579722800e-02	-1.216180978670960422e-01	-2.765512665578122049e-03	1.092357179738062678e-01	-1.395446493677028610e-01	-1.300716307895281310e-01	1.748118299262366726e-01	-1.673440605942070128e-02	-1.848621238968039399e-02	8.051992997083347314e-02	-5.794585957199266391e-02	-5.285318015763336430e-02	9.031009073670009935e-02	8.728320933493356748e-02	2.246225288376654111e-02	3.841869943027240858e-02	9.335789378323217091e-02	2.184460713014170774e-01	7.422814546368683430e-02	-2.009245484425592754e-01	-3.780266351049756113e-02	2.517757187854122169e-02
-2.487683346218285893e-02	8.525734353562148399e-03	-8.463918013749226329e-04	1.054585453881846241e-01	-2.042764556741249737e-01	6.867087533779377140e-02	1.616130601472848538e-01	1.703769060195871043e-01	0.000000000000000000e+00	2.238730789658173737e-01	-1.648104816070587036e-02	-4.453647878572236651e-02	1.414011329228960848e-02	7.951007553750725348e-03	1.088585786162652932e-02	1.043079447058303799e-02	-8.994425911095502157e-02	3.467869683168124662e-02	-1.974240064875958101e-01	1.061206709465453008e-01	8.334868352593916008e-02	-1.498060267978410520e-01	1.780493325417248085e-01	1.450073933221459055e-01	2.546960969313110668e-01	2.113235946879267746e-01	-5.357785823690131011e-02	-1.305020522976511610e-01	9.339370217565562404e-02	-9.012053522102383973e-02	-1.867976266256646950e-02	1.176202539344863990e-01	8.470328715994437929e-02	-6.305852732588919374e-02	2.218768832256016663e-02	-1.441374602313781894e-01	7.290398522889475486e-02	1.987497005193482325e-01	-1.551747585541575145e-02	-4.636681843649606040e-03	-2.114069462081092643e-01	4.644071836700729150e-02	1.086115117274349950e-01	2.066183070297344590e-02	-1.110601383709797912e-01	-1.482253512125830675e-01	2.892301930034982607e-02	-4.513384686891912245e-02
-1.387588765258864210e-01	5.013753126959717005e-02	9.807212829242528684e-02	2.298885263489434255e-02	2.075999671999150531e-01	-2.483678993692433057e-01	4.228174057429175819e-02	1.379837607802259225e-01	2.238730789658172349e-01	0.000000000000000000e+00	6.346894881003274647e-02	2.539996861455658395e-01	-2.356201840179096563e-01	1.709778877276197651e-01	-7.841404448593608523e-02	1.369242044997436014e-01	2.861877184367545013e-02	-7.891630192420343026e-02	5.158477777115937773e-02	6.224001888803654126e-02	1.151695129184765985e-02	1.405126919869153779e-01	-3.263377731442375640e-01	-3.955914629751627193e-03	5.102631024037077023e-02	-2.579663656257934895e-02	2.774166446456679050e-02	-4.635986575523347308e-02	-5.689312572920678795e-02	-1.165778902386407218e-01	1.737552194313849580e-02	4.077665572900875460e-03	1.307283825035243374e-01	4.827174503125906437e-03	-2.552297820464894951e-01	7.118168223876240874e-02	-8.329922682469383111e-02	-5.189641807767311071e-02	1.692263776187306890e-01	-7.468205937844114850e-02	1.440614965428667349e-02	-6.860167693485372828e-05	5.513649630394427265e-02	-3.656933372141888544e-02	-1.947898033849301130e-02	3.097726079070625138e-01	1.436426868695605576e-02	-1.045034759548029747e-02
-2.228312657689764456e-02	-6.568097834664869683e-02	8.341758738611472230e-04	6.015893256148666102e-02	-2.377075214959737115e-01	9.567654331914123012e-02	1.961153119657600696e-02	1.889319778765539415e-01	-1.648104816070593975e-02	6.346894881003288524e-02	0.000000000000000000e+00	2.785370971676842666e-01	-1.287734683855926154e-01	8.701497661736411204e-02	1.511731425163456155e-01	7.218026073335793991e-02	7.466374598375372096e-02	-1.183469698878115983e-01	-3.539267360335165286e-02	-1.797951459454444068e-01	1.758517367657317088e-01	9.033880864847244896e-02	8.123663013074997052e-02	9.499025203357568115e-02	1.007688359740413347e-01	1.446931310390866254e-01	-2.041647438440975446e-02	-3.555559203423550724e-02	4.600536154560515983e-02	-1.803549567986057200e-01	4.528718818702420074e-02	4.507897811081111594e-02	1.583408597111649052e-01	5.785670096906164045e-02	-5.805198530210121943e-02	-1.560423444907146351e-01	-6.597772102501624214e-02	2.098107667618585304e-01	3.828300795598580525e-02	-1.575519140431383136e-01	1.313555075094776370e-01	-1.022378598194085240e-02	-9.592186469987767916e-02	5.800009599302411584e-02	1.793892074625979757e-02	-1.214464840295866599e-01	1.234321711673938837e-01	-2.465549371817711641e-04
1.535724605586003544e-01	3.419862732195474292e-02	-5.065050841811116755e-02	4.697770138894994535e-02	-2.820008195602362322e-02	4.438386469536719642e-02	-8.837498261921576670e-02	1.040652360404754340e-01	-4.453647878572252611e-02	2.539996861455658950e-01	2.785370971676833785e-01	0.000000000000000000e+00	9.558748066597637372e-02	1.102259881059229896e-01	-4.144232298020614907e-02	-1.067037136988148310e-01	7.753905574980594906e-02	3.910725012808551060e-02	1.672175338832068703e-01	1.245643719225809735e-02	2.176481216315399592e-01	4.762995898273865436e-02	3.097841377159406273e-02	-4.410255844790994181e-03	3.877940242942131133e-01	-7.632980925293048058e-02	-1.534637203644274583e-01	6.879888100697464058e-03	-1.211187704413854843e-01	1.659189921722886707e-01	2.524220515580379368e-02	-1.735063497366718110e-01	1.179185820689229031e-01	5.363930479477860974e-02	3.299329609203838914e-02	3.975423690010342764e-02	7.566661697251744756e-02	-1.818432066063604691e-01	-7.721284987144742817e-02	1.162271038014717067e-01	-8.453259490516719377e-02	4.965990755620873498e-02	-1.287841731058275430e-01	-2.202402048611390439e-01	1.489333177022810484e-01	1.465867178053601415e-02	-5.148884769954173435e-02	-1.061139401211914357e-01
8.980524118603247161e-03	-1.456956689348791467e-01	-1.294544969006324320e-01	-7.595357067379231164e-02	1.153280153515199580e-01	1.434363491907853227e-01	8.378841343488538373e-02	1.508682776648597457e-01	1.414011329228933266e-02	-2.356201840179094897e-01	-1.287734683855923656e-01	9.558748066597699822e-02	0.000000000000000000e+00	-8.615891500464563368e-02	1.425034970305572024e-01	4.752930971164004981e-01	-3.039391462360740634e-02	-1.337937432059680687e-01	9.888201967242439550e-02	1.361898499642546501e-01	9.194531995404435498e-02	6.069157124701737849e-02	-1.218465926581869391e-01	1.591835184808462755e-02	-6.362283028566312337e-02	3.049186947461229522e-02	2.465950671571829830e-02	-6.815951156356257756e-02	2.281176930568710667e-02	-5.401158908970180028e-02	1.225772151303573115e-01	8.392964378058873076e-02	2.899131396826715515e-02	1.188512477827724789e-01	-1.929102226276705190e-01	-9.425079558419283132e-02	1.133854587784532270e-01	3.137377233987579950e-01	-8.722993650208012151e-02	-7.271006733975014791e-02	-9.876074658593717026e-02	1.382554682887468245e-01	-1.508734027899280399e-02	1.723893697731765373e-02	5.722972394998226964e-02	1.400834251013012843e-01	-5.175056180433747904e-02	5.269384504191037405e-02
-9.222620641269851927e-02	3.373174002399031285e-02	-2.411401150771654844e-01	1.800274824531264972e-01	-2.214497397728938943e-01	2.161515376783178233e-01	-1.195907631548537159e-01	1.000254430028633956e-01	7.951007553751112192e-03	1.709778877276197373e-01	8.701497661736443123e-02	1.102259881059222263e-01	-8.615891500464500918e-02	0.000000000000000000e+00	1.896595375146214735e-01	4.904185553009555304e-02	-4.991266065743511782e-02	-1.698055569837683132e-01	-9.572883642112393898e-02	2.449678321928477898e-01	-1.966899093320425285e-01	-3.639651508631174676e-02	2.344380023891546039e-01	-9.797946699912377100e-02	-3.043634673121269896e-01	-5.179064372860288368e-02	6.359404705261961777e-02	-2.876346095307334618e-03	7.763427242670675743e-02	1.347770842674460567e-01	-1.319548827475910679e-01	-2.138062910331800168e-02	1.794716601749654682e-03	2.096846929875789411e-01	1.556129464603562551e-01	1.294082837431297962e-02	1.808224500607621965e-01	1.954244761428065025e-01	-4.717842113851659219e-02	2.787537502863382186e-02	-8.576940254923220985e-02	1.417827192810388985e-02	-1.419178647085443841e-02	-3.839507754757953001e-02	4.812633102121898626e-02	1.565150731732999900e-01	-2.499860107392601685e-02	5.489817919002760310e-02
2.355106371243299024e-01	5.165885274575416491e-02	6.493801822496392262e-02	1.094090348554161152e-01	-7.110584078085763204e-02	-4.278854565300949098e-02	-1.562113911203065197e-01	-1.998783653804551419e-01	1.088585786162701331e-02	-7.841404448593648768e-02	1.511731425163448939e-01	-4.144232298020619765e-02	1.425034970305565363e-01	1.896595375146216123e-01	0.000000000000000000e+00	2.555725908266602217e-02	-4.088338530821424704e-02	1.913316906719882138e-01	1.526540679839783754e-01	-5.439144796404299202e-03	-1.079753726238601858e-01	4.334980564819655713e-02	-1.593083985489651688e-01	-9.028484752212455333e-02	6.481047709550266656e-02	1.404551284821420332e-01	-1.840596903115474803e-01	-5.615640367522745091e-02	-1.208159022434692614e-01	4.712440202818494323e-02	-8.335930021971167669e-02	-1.856610192994049280e-01	-1.017989352996157004e-02	-2.777915688465875665e-01	3.400782458530738905e-01	8.790536824120195533e-03	1.173252722284349181e-01	3.435910461975641428e-02	-5.465324751084484067e-02	1.389561879399344446e-01	-1.458501620642267960e-01	2.091602426756900349e-02	9.793660529224422484e-02	8.781453071149576683e-02	9.312340999530017982e-02	-2.779809023000310436e-02	4.865510107433818759e-02	1.126429440486719780e-01
-5.353408305460850836e-02	-3.263458536020962404e-05	1.057264453410682453e-01	5.142849817875266155e-02	3.380216424967687205e-02	-1.058439495109877032e-01	1.169893331667887226e-01	2.396170988184157663e-02	1.043079447058336065e-02	1.369242044997435737e-01	7.218026073335870318e-02	-1.067037136988151780e-01	4.752930971164010532e-01	4.904185553009567794e-02	2.555725908266534910e-02	0.000000000000000000e+00	-1.183783773224860586e-01	3.531169662339879722e-01	-4.279854571401508351e-02	6.065931145175903344e-02	-4.617286224882616828e-03	1.821098420179478872e-01	1.431374214882109308e-01	-4.426811832183450562e-02	1.980304917717290170e-01	-1.628518803676563820e-01	-2.057236487652298884e-02	-1.520855692240376533e-01	-3.730025729626744446e-02	1.153467836311908162e-01	5.055475842299621964e-02	6.496209595778486279e-02	-9.353957505419793761e-02	-1.349411967412761371e-01	2.238784836130479350e-02	-5.563823461340311471e-02	-6.277157113953203693e-02	-6.361596187625616350e-02	7.483773329578953526e-02	-1.337390574426507162e-01	5.971239443367547250e-02	-1.640518569224775902e-01	-1.790217732860590466e-02	7.519067306612975399e-02	-2.654811021641912631e-03	-2.379724464988070692e-02	-2.895493470127509170e-02	1.192214457936385807e-01
-5.717579195589295865e-02	-1.285011339661404871e-02	-8.712210084122579135e-02	-9.033061867632390107e-02	-7.562955972965709414e-03	-9.124206782045128639e-02	4.576097816614720371e-01	-3.818564929635702432e-02	-8.994425911095471626e-02	2.861877184367581442e-02	7.466374598375424831e-02	7.753905574980597681e-02	-3.039391462360679919e-02	-4.991266065743558966e-02	-4.088338530821500338e-02	-1.183783773224856839e-01	0.000000000000000000e+00	3.664730812197505294e-01	-2.008594306906682780e-01	1.322162355010703116e-01	-9.659981078043548830e-02	3.000340076445866949e-02	-1.730343778826506917e-02	-1.213032639047635503e-01	6.891375878992427040e-02	1.391899186389826230e-02	-9.762262792891936158e-02	-7.270560450860492907e-02	-7.548400497172576273e-02	5.810394563872383483e-02	-1.512930724406516825e-01	1.360081222918556598e-01	-1.495786667732077607e-02	1.027592756590732098e-01	4.709085926509803260e-02	2.357411512028890002e-02	5.069990424119723282e-02	9.633113456340770819e-02	-1.250771115998181547e-02	7.325869287602741753e-02	1.879384489263942470e-02	1.880033142315110928e-01	-5.787799644851539943e-02	1.503179093808555689e-01	5.734926312367892576e-02	9.403849570620173570e-02	-2.396051117890698329e-02	7.017565747828578837e-02
3.604484420085206364e-02	3.872411826507098087e-02	6.850201746196195318e-02	1.870474151865697543e-02	-1.289499105902381371e-01	1.274593904869030236e-01	-3.357945094973580763e-02	7.198483108794301311e-02	3.467869683168117029e-02	-7.891630192420304168e-02	-1.183469698878119175e-01	3.910725012808522610e-02	-1.337937432059682352e-01	-1.698055569837682022e-01	1.913316906719886301e-01	3.531169662339871951e-01	3.664730812197505294e-01	0.000000000000000000e+00	2.801468239467174159e-01	-9.323946193428224449e-02	-1.007814883483036383e-01	1.775970062762897705e-01	2.106447238347330664e-01	1.054384931084739185e-01	-5.861492318803959711e-02	-9.624920516575218021e-02	1.392159582606044277e-01	9.363343879695551486e-02	1.023232930581359085e-01	-1.479908401968039744e-01	-1.857154480985589162e-01	-1.470458419636908130e-03	4.728105900627594532e-02	9.540052990697346635e-02	-1.756897833326263592e-01	4.802895866087474042e-02	7.691461214823663850e-02	9.260657406888553322e-02	-1.923297304955241260e-01	-1.182916210658834927e-01	5.783885476433571309e-03	1.838773517586205592e-03	8.054056498148476351e-02	-2.342229945940670910e-01	-2.642571545010641287e-02	-4.542058741734542049e-02	-7.352324539755998589e-02	-5.885670695084908866e-02
-3.011462734429241894e-02	1.844447758697307649e-01	-1.448063608745125616e-02	-1.333269642163944502e-01	-4.740468404282557197e-02	3.400205563267805764e-01	1.556578200460486186e-02	-4.265115417214616206e-02	-1.974240064875958933e-01	5.158477777115975937e-02	-3.539267360335149326e-02	1.672175338832070646e-01	9.888201967242502000e-02	-9.572883642112429980e-02	1.526540679839778758e-01	-4.279854571401527780e-02	-2.008594306906684446e-01	2.801468239467174715e-01	0.000000000000000000e+00	2.704961038473172215e-03	2.937668585152527351e-02	-1.656960772214323974e-01	2.424726854073507715e-02	3.464785178646199310e-02	-1.134997674919750316e-01	1.375593997883388375e-01	1.123087201267916092e-02	-8.779617319878744996e-02	8.263349337734591724e-03	1.469048823730368519e-02	-9.349811320083528665e-03	2.234239641782154867e-02	-7.243681937523334391e-02	6.783439899233984416e-04	-3.324970030454232200e-02	1.169388448300370462e-02	1.244936566054228866e-01	1.108264690122214985e-01	7.568961145491834297e-02	1.689025941515099119e-02	2.289294629653434651e-02	1.799887682880303152e-01	1.605534552717451102e-01	2.837184094539581258e-02	-4.390577441456145619e-02	-8.916174328717926811e-02	-7.650246669280329204e-02	-1.551712880547896981e-03
6.921495239903707741e-02	-3.486702518954142710e-02	1.216065130030977992e-01	9.649456108083981354e-02	-2.896779359987439531e-02	1.366539434403647724e-01	-1.713521783441568358e-02	1.409705075466754012e-02	1.061206709465447318e-01	6.224001888803630533e-02	-1.797951459454452672e-01	1.245643719225986851e-02	1.361898499642540394e-01	2.449678321928475677e-01	-5.439144796403748428e-03	6.065931145175864486e-02	1.322162355010708390e-01	-9.323946193428249429e-02	2.704961038472790142e-03	0.000000000000000000e+00	4.640647663881665164e-01	-5.872670710908507730e-02	-4.527877818692010309e-02	-8.753884148082291539e-02	-1.571456467482773012e-01	1.483256802327436764e-02	3.835382897337231978e-02	1.569949845621789464e-01	-2.494371591518676143e-02	-3.525570411485859281e-03	-7.196340706748888261e-02	3.363676191981053443e-02	1.028501103827582364e-01	-1.084246809265663608e-01	-1.006737292787337479e-01	-3.057412096380242653e-02	-6.143553087764210344e-03	-1.083931399298366655e-01	1.489486917253895516e-02	4.106635474687651832e-02	1.481784377613113435e-01	1.448707622203084834e-02	-3.892419156567809846e-02	-4.346174903233774624e-03	-7.912504788681473666e-02	2.099748419259871157e-02	1.036747772832753434e-01	5.334978113041066727e-02
1.009589825596856998e-02	7.595461645675285339e-03	7.722717277822653548e-02	1.402910298662791433e-01	6.981875913636330366e-02	2.315282538625015527e-02	-8.044067969959643738e-02	-3.243148264785569029e-02	8.334868352593996499e-02	1.151695129184784720e-02	1.758517367657324582e-01	2.176481216315380440e-01	9.194531995404517377e-02	-1.966899093320423619e-01	-1.079753726238607270e-01	-4.617286224882169270e-03	-9.659981078043458624e-02	-1.007814883483041796e-01	2.937668585152605066e-02	4.640647663881662388e-01	0.000000000000000000e+00	-2.657937147127734795e-02	3.622834629198062179e-02	-1.192623993160125406e-01	-1.468012708971865588e-01	-1.146651037388205230e-01	-4.901020014009734721e-02	3.393756402578267800e-02	6.681066323554098185e-02	-2.738904190692946494e-02	3.107772591963970168e-02	-1.179771593695607551e-01	-5.991268383833018435e-02	-1.022260233692360298e-01	-2.508983291637950988e-03	1.833264819089465772e-02	6.905783570979270869e-02	1.197926304806463949e-01	6.899144923318714651e-02	1.543797325142443402e-02	6.289449699358703669e-03	4.356651239296573108e-02	-2.242109246187190194e-02	-1.409639551118443690e-01	1.010790551629445894e-01	-1.349459798300238836e-02	9.079456939855772013e-02	-7.772780042983566673e-02
-2.805392319623089062e-02	1.104781334186130948e-01	4.221402796667634433e-02	1.833386100586507916e-01	8.366641607337349518e-02	6.376119697295692078e-03	-3.579463695187098254e-02	1.425736793369979799e-02	-1.498060267978409688e-01	1.405126919869152669e-01	9.033880864847225467e-02	4.762995898273925111e-02	6.069157124701755196e-02	-3.639651508631221860e-02	4.334980564819625876e-02	1.821098420179486088e-01	3.000340076445948134e-02	1.775970062762887713e-01	-1.656960772214323419e-01	-5.872670710908581282e-02	-2.657937147127781632e-02	0.000000000000000000e+00	3.465291262081386381e-01	-1.772207112757216013e-02	-2.098187678062387457e-02	-1.007749713268546177e-01	1.017575403334671814e-02	-3.671213891244872601e-02	-1.920521639586680873e-02	1.765085106769754934e-03	2.197952951640653463e-01	9.788642712949124913e-02	-1.729747424576726436e-02	-2.486372378309745224e-01	1.684815751714865140e-01	1.217397556808785392e-01	9.595180016387278021e-02	-3.686720305928667396e-02	6.246249110600436000e-02	1.667940012587033338e-01	-1.101400482901223644e-02	2.873535433230447328e-02	-7.790315016437147910e-02	-4.314780504318387229e-03	-1.286622984566726524e-01	-4.638406702094886869e-03	-7.643060625689754306e-02	-1.013179188647969631e-01
-8.069403203170405492e-02	-8.377137971408241124e-02	1.933808461196311057e-01	-7.068204329788468909e-02	9.805906378072694329e-02	-7.719320014223009230e-02	-8.427581207805470709e-02	-1.655518061353176418e-01	1.780493325417242256e-01	-3.263377731442378415e-01	8.123663013074966521e-02	3.097841377159421539e-02	-1.218465926581872166e-01	2.344380023891545484e-01	-1.593083985489649190e-01	1.431374214882109031e-01	-1.730343778826555143e-02	2.106447238347329554e-01	2.424726854073469204e-02	-4.527877818691988798e-02	3.622834629198042750e-02	3.465291262081385826e-01	0.000000000000000000e+00	5.293831292003477185e-02	2.427476776830822872e-02	1.358971238919551017e-01	-5.287459465466293196e-02	-2.255730181813433988e-02	-1.094887552928682090e-01	-5.739664135629130720e-02	3.421077748428494325e-02	-1.954096324034113041e-01	9.021418515024211271e-02	6.808899155870118403e-02	-9.284620570152406216e-02	-1.307995901351914347e-01	-3.005986731437115117e-02	-1.203027632561287641e-01	2.831835924419969230e-01	2.474133058789027839e-01	9.415252174881871827e-02	-8.735480426963201234e-03	5.997074350004123755e-02	1.887574366643338664e-01	3.658898547597101703e-02	1.843375813369450278e-01	-6.103987070831815714e-02	5.858649516850727296e-02
-3.982856067253479765e-02	5.145253129950320276e-02	-5.581518701179533082e-02	6.448749280778402759e-02	1.263470770245595787e-01	-1.364710777238935940e-02	-8.038178543210668103e-02	7.812865296257315295e-02	1.450073933221461830e-01	-3.955914629751736480e-03	9.499025203357537583e-02	-4.410255844790947344e-03	1.591835184808404469e-02	-9.797946699912356283e-02	-9.028484752212444231e-02	-4.426811832183426970e-02	-1.213032639047627870e-01	1.054384931084736410e-01	3.464785178646236086e-02	-8.753884148082351213e-02	-1.192623993160120965e-01	-1.772207112757158073e-02	5.293831292003420980e-02	0.000000000000000000e+00	3.775087352850324800e-03	-6.503823490903536120e-02	-7.184423329579789352e-02	4.120429119499492698e-02	-9.605460610245150632e-02	-5.589539940307140103e-02	-2.458084218912881536e-02	1.345556067710652337e-01	-3.272608817017021166e-02	1.620066443440639492e-01	-8.675845054484782048e-02	3.658735832601264226e-01	-4.985281644677393154e-02	1.536650210645266468e-01	-2.269928269289661904e-01	8.487810890436936484e-02	-3.504732816820232098e-03	-4.513080548065426245e-02	-8.537790473273851322e-02	-1.399191690257935508e-02	1.176121744968001981e-01	5.955547930600541690e-02	3.990432388432192945e-01	1.893902420176193369e-01
3.147868408269148544e-02	-9.250843630107206950e-02	-1.414218183955530117e-01	-6.878393106265622003e-02	6.661705416655400169e-02	9.672861107478449016e-02	-1.085661515424967832e-01	-5.042439539572444313e-02	2.546960969313110668e-01	5.102631024037030533e-02	1.007688359740414874e-01	3.877940242942129467e-01	-6.362283028566273479e-02	-3.043634673121272116e-01	6.481047709550277758e-02	1.980304917717289337e-01	6.891375878992471449e-02	-5.861492318803970120e-02	-1.134997674919749067e-01	-1.571456467482772179e-01	-1.468012708971862257e-01	-2.098187678062286149e-02	2.427476776830741340e-02	3.775087352850493502e-03	0.000000000000000000e+00	1.032905233802300510e-01	3.177496398639551578e-01	2.178662473984840642e-01	-2.865482148843712034e-05	9.587484860604902903e-02	3.070803042842071284e-02	-1.136202718896191753e-02	-4.819000547464430406e-02	5.846079225298564386e-02	1.676671739088464175e-01	1.123632065068944641e-01	-9.429046451082856439e-02	-1.869427874580870813e-02	2.637528556792105572e-02	4.616099472290836891e-02	-3.283650038176002227e-03	-1.645113205750586838e-02	8.438362307094263159e-02	1.232700632854741157e-01	-1.188356882990464075e-01	-2.764910102318359972e-02	-7.661248810898897699e-02	1.033898732192285903e-02
-1.625816172628273548e-01	-8.641850474254378356e-02	1.287561913376531475e-01	2.680252421648945602e-02	1.254953353099335679e-02	5.835739691132114937e-02	2.893253387694700307e-01	2.260349313209597533e-02	2.113235946879267191e-01	-2.579663656257903670e-02	1.446931310390870973e-01	-7.632980925293081365e-02	3.049186947461270808e-02	-5.179064372860281429e-02	1.404551284821419777e-01	-1.628518803676559934e-01	1.391899186389955814e-02	-9.624920516575302676e-02	1.375593997883389485e-01	1.483256802327375529e-02	-1.146651037388199540e-01	-1.007749713268550618e-01	1.358971238919553792e-01	-6.503823490903513915e-02	1.032905233802294542e-01	0.000000000000000000e+00	4.598469490963840584e-02	1.061949698856358842e-01	1.442559794735943646e-01	7.374270341880529572e-03	-3.803350938025513994e-02	2.839461879056178958e-02	-5.734528498584839928e-02	-3.434397027621430287e-02	-6.601353788763637820e-02	9.259813351572501738e-02	-8.122872918296464642e-03	-2.828403204061942511e-02	7.344386091750300383e-02	-5.924877487347142424e-02	1.064240620316768832e-01	1.998223140463332992e-01	-5.099405232566652652e-02	-1.350122907359986579e-01	-2.205062762674471488e-02	1.014045270671698890e-01	1.623509777588263633e-02	-6.458569026672797420e-02
1.894196184527635052e-01	1.785355490588738658e-03	-7.674408030080975829e-02	1.867942498362351947e-02	-4.952013802238882864e-03	2.491391424562626120e-02	8.285014764046604030e-02	1.136456853579734423e-02	-5.357785823690100480e-02	2.774166446456676621e-02	-2.041647438440999038e-02	-1.534637203644267645e-01	2.465950671571812830e-02	6.359404705261946511e-02	-1.840596903115470084e-01	-2.057236487652244414e-02	-9.762262792891894525e-02	1.392159582606040114e-01	1.123087201267930664e-02	3.835382897337168140e-02	-4.901020014009744435e-02	1.017575403334605721e-02	-5.287459465466239766e-02	-7.184423329579787965e-02	3.177496398639541586e-01	4.598469490963743439e-02	0.000000000000000000e+00	4.861372327563053160e-03	1.301613504877393024e-01	1.214067833736273833e-01	3.906879507350904251e-02	-1.329849839975950909e-01	1.114186084456643550e-01	-1.152191791731312365e-01	1.429142994480487316e-01	5.074958213696244974e-02	7.331461693830351734e-02	2.956303239625342888e-02	-2.006034005191862160e-02	-4.915720968203709379e-02	-6.336966152480894010e-02	-2.450957381416490194e-02	-9.594032206215169500e-02	-4.237993071910194087e-02	1.585080821500806647e-01	1.160033957643774732e-01	2.890279413742575382e-02	-9.459197232029889491e-02
8.447556241932413501e-02	-3.695923824011222020e-02	2.181055830147275998e-01	9.691261173024127984e-02	-1.903505385112205239e-01	3.434696931063450920e-02	-3.138227234972092855e-02	-1.216180978670955704e-01	-1.305020522976510500e-01	-4.635986575523305675e-02	-3.555559203423461212e-02	6.879888100699304600e-03	-6.815951156356231389e-02	-2.876346095308711989e-03	-5.615640367522822807e-02	-1.520855692240384582e-01	-7.270560450860709401e-02	9.363343879695626426e-02	-8.779617319878836590e-02	1.569949845621819162e-01	3.393756402577919468e-02	-3.671213891244904520e-02	-2.255730181813321231e-02	4.120429119499426085e-02	2.178662473984834536e-01	1.061949698856352042e-01	4.861372327562228299e-03	0.000000000000000000e+00	4.123406372386884122e-01	9.289111100060536141e-02	1.864942305562014915e-02	-2.189080056530661941e-02	2.205617395955657700e-01	-6.890506652121271280e-03	-8.891049478646675941e-02	7.149944936293258294e-03	6.949505426470728442e-02	4.198666924706725978e-02	-7.752813396987200123e-02	4.549767872481145364e-02	2.457833868972897698e-02	-5.322207151475324971e-02	-4.995904448529968345e-02	6.105856365535789615e-02	6.699534745028819238e-02	8.907341563004066154e-02	-6.677310413722416238e-02	1.488112542592265677e-02
-1.541159872767986980e-02	1.895149355131524327e-01	-3.634391429352095554e-02	-5.902943952096374736e-02	1.838735423290476234e-01	-1.433708484111188841e-01	-1.527916240601965847e-01	-2.765512665578695375e-03	9.339370217565566568e-02	-5.689312572920736388e-02	4.600536154560459084e-02	-1.211187704413867749e-01	2.281176930568661054e-02	7.763427242670764561e-02	-1.208159022434689561e-01	-3.730025729626671588e-02	-7.548400497172493007e-02	1.023232930581354366e-01	8.263349337735216224e-03	-2.494371591518865575e-02	6.681066323554275821e-02	-1.920521639586656587e-02	-1.094887552928691388e-01	-9.605460610245136754e-02	-2.865482148734479681e-05	1.442559794735943091e-01	1.301613504877383587e-01	4.123406372386881347e-01	0.000000000000000000e+00	1.271411981542133751e-01	-7.971242218286925252e-02	1.233788883061343461e-01	2.741655121201852507e-02	-2.689874371389698593e-02	1.158743592232216874e-01	-1.348810753730635414e-01	9.327688323126725025e-05	2.410234128324697037e-02	2.417101865815880213e-01	-1.256919118114912387e-02	8.558741621970882008e-02	-8.460961928658745912e-02	1.800972896439376886e-02	1.518391562131249373e-01	1.028457563863102303e-01	-3.833327731938872274e-02	-3.469458245647394357e-02	9.858872785133973582e-02
1.194307971331955848e-01	1.880582824192084113e-02	-4.180077274411737182e-02	4.033597919465725656e-02	-6.585859565033057306e-02	-1.517161609000069467e-01	-2.112523809880642589e-02	1.092357179738064205e-01	-9.012053522102345116e-02	-1.165778902386403748e-01	-1.803549567986060809e-01	1.659189921722891148e-01	-5.401158908970185579e-02	1.347770842674457792e-01	4.712440202818531099e-02	1.153467836311900668e-01	5.810394563872365442e-02	-1.479908401968034470e-01	1.469048823730362274e-02	-3.525570411485973339e-03	-2.738904190692992638e-02	1.765085106769838418e-03	-5.739664135629178598e-02	-5.589539940307128307e-02	9.587484860604834902e-02	7.374270341880821006e-03	1.214067833736279522e-01	9.289111100060501447e-02	1.271411981542129033e-01	0.000000000000000000e+00	4.794446238304134189e-01	1.875584220011781988e-01	-2.558576098800774065e-02	2.005239158733583826e-01	-1.704615235869071377e-01	2.268065237924648744e-02	-1.472230581969985186e-01	1.222712460703110487e-01	-7.865587146975885902e-02	5.127891067041952938e-02	2.819716174998647407e-03	1.407931837147423648e-01	1.955412341409567059e-02	-5.796085759936325799e-02	-1.347240964305163324e-01	-1.659160277292857227e-02	-2.157482790970976713e-02	-1.678393642409961584e-02
8.973199577015614214e-02	-3.342574280615340926e-02	3.072960941784925668e-02	6.976436530555026484e-04	-9.369764604639915784e-02	-1.120031758841830150e-01	1.106513366502820117e-01	-1.395446493677024169e-01	-1.867976266256683379e-02	1.737552194313854437e-02	4.528718818702420074e-02	2.524220515580316918e-02	1.225772151303570756e-01	-1.319548827475907071e-01	-8.335930021971210691e-02	5.055475842299696904e-02	-1.512930724406512384e-01	-1.857154480985594158e-01	-9.349811320083263252e-03	-7.196340706748861893e-02	3.107772591964048925e-02	2.197952951640655683e-01	3.421077748428533877e-02	-2.458084218912905822e-02	3.070803042842170510e-02	-3.803350938025514688e-02	3.906879507350855679e-02	1.864942305562068692e-02	-7.971242218286882231e-02	4.794446238304123087e-01	0.000000000000000000e+00	1.580483228650034766e-01	5.704936818076469796e-02	7.505748861380564553e-03	1.341748758020043231e-01	-4.882488567491092418e-02	2.697957214898345085e-02	5.818746087114477078e-02	-5.967179795979763585e-02	1.421955180566594062e-02	2.418126033129108787e-02	1.096850426831602054e-01	4.836312566452524025e-02	1.162983968519865768e-02	-8.159391538386451953e-03	-2.955915585101730886e-02	1.440475040007997143e-01	2.480056720429484746e-02
-1.423875909076256496e-01	-1.163052953813310288e-02	1.332070028892649860e-01	1.882194896858282659e-02	-9.427537729131967026e-02	1.681397782685470355e-01	-1.114208601530297799e-01	-1.300716307895281032e-01	1.176202539344862880e-01	4.077665572900186775e-03	4.507897811081070655e-02	-1.735063497366718666e-01	8.392964378058850872e-02	-2.138062910331748820e-02	-1.856610192994043451e-01	6.496209595778464074e-02	1.360081222918556876e-01	-1.470458419637051244e-03	2.234239641782178112e-02	3.363676191981054830e-02	-1.179771593695602000e-01	9.788642712949147118e-02	-1.954096324034110266e-01	1.345556067710649562e-01	-1.136202718896149079e-02	2.839461879056208102e-02	-1.329849839975952019e-01	-2.189080056530724391e-02	1.233788883061348457e-01	1.875584220011776160e-01	1.580483228650041705e-01	0.000000000000000000e+00	1.337195327543745926e-01	-8.554637278878692019e-02	1.146630423429504386e-01	2.275029583479719619e-01	5.018625767192698428e-02	-1.561193382708793431e-01	6.151341015575079174e-02	6.728759061248829054e-02	-2.378684141722558348e-02	-3.891029420663315308e-02	1.232573391916998301e-01	-1.924535962417367116e-02	6.174397578662228075e-02	4.406215749591654157e-02	2.972040825129163011e-01	-6.570876121324091546e-02
5.752126421863951872e-02	1.327858528647061220e-01	1.537370181771049449e-01	-2.151248159337689758e-01	1.821367240411371491e-01	5.615806738341414667e-02	-1.473703366798661818e-01	1.748118299262370334e-01	8.470328715994461521e-02	1.307283825035250036e-01	1.583408597111649330e-01	1.179185820689214043e-01	2.899131396826816823e-02	1.794716601750260100e-03	-1.017989352996211475e-02	-9.353957505419760454e-02	-1.495786667731945595e-02	4.728105900627625063e-02	-7.243681937523283043e-02	1.028501103827576535e-01	-5.991268383833000394e-02	-1.729747424576830866e-02	9.021418515024194618e-02	-3.272608817016962185e-02	-4.819000547464461631e-02	-5.734528498584780948e-02	1.114186084456641190e-01	2.205617395955681015e-01	2.741655121201653708e-02	-2.558576098800745616e-02	5.704936818076574573e-02	1.337195327543727885e-01	0.000000000000000000e+00	-2.883518560035247535e-02	1.349952234045534716e-01	-5.103234809173159275e-02	4.697127622474107922e-02	7.095106066213769172e-03	-1.621560140628977298e-01	5.598373064114899739e-02	1.524766198406001527e-01	3.204270396209811436e-03	5.280764209538607243e-03	8.613266712996991981e-02	2.101671380879461051e-02	-1.722700164127801553e-02	-1.458999744041049665e-02	8.842723996716030099e-02
-4.607218963194725792e-02	9.937362267464477927e-02	1.825164891134733458e-01	2.449104698419514448e-01	1.991849887601844418e-03	-1.666100590599156953e-02	2.936983048931547657e-02	-1.673440605942079148e-02	-6.305852732588936027e-02	4.827174503125461480e-03	5.785670096906164045e-02	5.363930479477848484e-02	1.188512477827723957e-01	2.096846929875791909e-01	-2.777915688465876776e-01	-1.349411967412756652e-01	1.027592756590738482e-01	9.540052990697268920e-02	6.783439899237027771e-04	-1.084246809265664024e-01	-1.022260233692356274e-01	-2.486372378309743003e-01	6.808899155870122566e-02	1.620066443440639770e-01	5.846079225298578957e-02	-3.434397027621401144e-02	-1.152191791731309173e-01	-6.890506652120729179e-03	-2.689874371389726002e-02	2.005239158733579941e-01	7.505748861380384142e-03	-8.554637278878696183e-02	-2.883518560035179187e-02	0.000000000000000000e+00	3.298702429220055632e-01	-4.184094381077037988e-02	2.856295481292595584e-01	-2.021103717001523914e-01	3.195594845448823662e-02	-3.103006459586150900e-02	-9.527251305685920102e-02	-3.383619181282063182e-02	6.861386251768883393e-02	1.702029550738945463e-01	-2.699683578829659147e-01	-6.647062095286616901e-02	5.415842050249308759e-03	4.557527508103333819e-02
-6.574776037768541304e-02	-1.065585270876386881e-01	1.241886607421381766e-01	-8.362633852046494343e-02	1.499008021655033607e-01	-2.732876623087720711e-02	7.053210210608822084e-02	-1.848621238968051195e-02	2.218768832255985785e-02	-2.552297820464888289e-01	-5.805198530210101127e-02	3.299329609203895119e-02	-1.929102226276704357e-01	1.556129464603558110e-01	3.400782458530741681e-01	2.238784836130379083e-02	4.709085926509688075e-02	-1.756897833326257485e-01	-3.324970030454307141e-02	-1.006737292787328458e-01	-2.508983291638692149e-03	1.684815751714866805e-01	-9.284620570152360419e-02	-8.675845054484758456e-02	1.676671739088466395e-01	-6.601353788763697494e-02	1.429142994480487039e-01	-8.891049478646879944e-02	1.158743592232233249e-01	-1.704615235869066936e-01	1.341748758020036847e-01	1.146630423429514239e-01	1.349952234045524446e-01	3.298702429220057852e-01	0.000000000000000000e+00	3.099868914596377520e-02	-1.619621448413108011e-01	2.334153858271449944e-01	8.977722532226463381e-02	-1.833862002753998688e-01	2.039542016963339921e-01	-2.806995403611049766e-02	-4.794214651157752832e-02	-2.362449957537990641e-01	2.663988152426114975e-01	4.454972328970709800e-03	6.224498723722371452e-02	-1.638912218572115553e-01
6.842069222571534048e-02	-3.739509654706216213e-02	3.841648875083153447e-02	5.369488454381500520e-02	-4.032867444946647284e-02	1.066207135061171124e-01	4.321892807048459406e-02	8.051992997083320946e-02	-1.441374602313784392e-01	7.118168223876265854e-02	-1.560423444907141910e-01	3.975423690010267130e-02	-9.425079558419235948e-02	1.294082837431262574e-02	8.790536824119680320e-03	-5.563823461340340615e-02	2.357411512028887227e-02	4.802895866087480287e-02	1.169388448300374105e-02	-3.057412096380201019e-02	1.833264819089421710e-02	1.217397556808785808e-01	-1.307995901351911849e-01	3.658735832601270888e-01	1.123632065068953384e-01	9.259813351572472595e-02	5.074958213696166565e-02	7.149944936292783847e-03	-1.348810753730633749e-01	2.268065237924813196e-02	-4.882488567491221482e-02	2.275029583479706019e-01	-5.103234809173153030e-02	-4.184094381077094887e-02	3.099868914596447950e-02	0.000000000000000000e+00	-4.688194173146003479e-02	4.292395645649659669e-02	1.367371174534876554e-01	2.554591868991601955e-01	-8.048083666954670978e-02	4.125349217581374871e-06	5.963007799693457317e-02	-6.299445651521302925e-02	4.128968264759515228e-02	-5.026655233783840909e-02	5.241219954525112162e-02	6.889100287465544856e-03
-4.423560325636294310e-02	-4.029526617239761327e-02	-1.588692074059256526e-02	2.379793836167776525e-02	1.120621264873738754e-01	-2.615296714941923173e-01	5.746813836966829792e-02	-5.794585957199259452e-02	7.290398522889492139e-02	-8.329922682469424744e-02	-6.597772102501625602e-02	7.566661697251755858e-02	1.133854587784529910e-01	1.808224500607621688e-01	1.173252722284351818e-01	-6.277157113953213408e-02	5.069990424119692057e-02	7.691461214823688830e-02	1.244936566054230531e-01	-6.143553087764058555e-03	6.905783570979288910e-02	9.595180016387322430e-02	-3.005986731437180690e-02	-4.985281644677375112e-02	-9.429046451082839786e-02	-8.122872918296220046e-03	7.331461693830380877e-02	6.949505426470639624e-02	9.327688323161000721e-05	-1.472230581969984631e-01	2.697957214898332942e-02	5.018625767192726184e-02	4.697127622474107922e-02	2.856295481292599470e-01	-1.619621448413111620e-01	-4.688194173146058991e-02	0.000000000000000000e+00	2.141514433993675082e-01	7.746893558142041447e-02	-2.513481913197520082e-02	-1.783684203189844428e-02	-2.115365994277302042e-01	2.353059927787908012e-01	-9.531933840703932931e-03	-5.496234678332139606e-02	-1.186919706025284411e-02	1.513983565936134479e-01	-1.233436970582398318e-01
4.936780314909244155e-02	1.463057715738219633e-01	1.119889397719717045e-01	-1.550209012272809328e-01	1.216642824820794444e-01	-1.426626302429901405e-01	4.575878663330105317e-02	-5.285318015763367655e-02	1.987497005193475941e-01	-5.189641807767338133e-02	2.098107667618585304e-01	-1.818432066063609132e-01	3.137377233987577729e-01	1.954244761428068911e-01	3.435910461975628244e-02	-6.361596187625563614e-02	9.633113456340752778e-02	9.260657406888529730e-02	1.108264690122212209e-01	-1.083931399298373177e-01	1.197926304806473663e-01	-3.686720305928740254e-02	-1.203027632561286114e-01	1.536650210645264525e-01	-1.869427874580803506e-02	-2.828403204061895326e-02	2.956303239625338378e-02	4.198666924706658671e-02	2.410234128324663383e-02	1.222712460703112292e-01	5.818746087114439608e-02	-1.561193382708790101e-01	7.095106066215216799e-03	-2.021103717001525302e-01	2.334153858271446613e-01	4.292395645649688118e-02	2.141514433993679800e-01	0.000000000000000000e+00	2.609751217702923620e-01	7.899669871008485611e-02	-2.439758136551418294e-02	-1.819632540741930246e-02	-1.091203326122961587e-01	-7.278157846178356927e-02	-1.651787678266515014e-01	-7.270661122955356104e-02	-1.450147736582795693e-02	-3.016101073022230128e-02
1.234387962850976295e-01	-1.769798225078317855e-01	-5.659770409524530338e-02	3.878942928966687409e-02	-2.369410289771397560e-01	-8.801117184893157003e-03	5.118977357347299917e-02	9.031009073670082099e-02	-1.551747585541562481e-02	1.692263776187307445e-01	3.828300795598536116e-02	-7.721284987144705347e-02	-8.722993650208044070e-02	-4.717842113851603708e-02	-5.465324751084477822e-02	7.483773329578896627e-02	-1.250771115998165935e-02	-1.923297304955235987e-01	7.568961145491855114e-02	1.489486917253891873e-02	6.899144923318732692e-02	6.246249110600497756e-02	2.831835924419963679e-01	-2.269928269289663569e-01	2.637528556792097592e-02	7.344386091750342016e-02	-2.006034005191854527e-02	-7.752813396987165429e-02	2.417101865815879935e-01	-7.865587146976005251e-02	-5.967179795979586643e-02	6.151341015575081950e-02	-1.621560140628985625e-01	3.195594845448847254e-02	8.977722532226432850e-02	1.367371174534874056e-01	7.746893558141995650e-02	2.609751217702925841e-01	0.000000000000000000e+00	2.737433439686047243e-01	-3.966822957218435475e-02	-1.831293943297039942e-02	6.179208252474237967e-02	9.912365443545764765e-02	-4.813592277807517139e-02	-4.745498666815371920e-03	1.338844016316084740e-01	-4.631750515499100107e-02
-5.476650168476274172e-02	9.290301955138971501e-02	-1.481148624597757313e-01	3.493397220487864246e-02	6.269528718323328677e-03	1.987740681910368790e-02	1.360264549426084546e-01	8.728320933493353972e-02	-4.636681843649522773e-03	-7.468205937844092646e-02	-1.575519140431376197e-01	1.162271038014716096e-01	-7.271006733975012015e-02	2.787537502863374900e-02	1.389561879399349997e-01	-1.337390574426508827e-01	7.325869287602707058e-02	-1.182916210658831319e-01	1.689025941515091833e-02	4.106635474687785059e-02	1.543797325142418943e-02	1.667940012587026954e-01	2.474133058789033113e-01	8.487810890436976730e-02	4.616099472290816075e-02	-5.924877487347194466e-02	-4.915720968203686481e-02	4.549767872481206427e-02	-1.256919118114943265e-02	5.127891067041924489e-02	1.421955180566617655e-02	6.728759061248927587e-02	5.598373064114782471e-02	-3.103006459586109614e-02	-1.833862002753997300e-01	2.554591868991604175e-01	-2.513481913197549225e-02	7.899669871008456468e-02	2.737433439686053904e-01	0.000000000000000000e+00	-1.018329198813843900e-01	-2.130019325771670760e-02	-7.230688745547676766e-02	-2.366496973611162749e-02	-3.337148460768823554e-03	-6.289484116061148933e-02	-1.164434796741704720e-01	3.988716464853575006e-01
-1.015019012892911729e-02	3.511132987359718016e-01	-6.076519196106045309e-03	-1.373745138611660865e-02	-6.213666143237697725e-02	1.525985459176217029e-01	-1.175555435158267235e-02	2.246225288376664520e-02	-2.114069462081090978e-01	1.440614965428626063e-02	1.313555075094780811e-01	-8.453259490516737418e-02	-9.876074658593755884e-02	-8.576940254923245965e-02	-1.458501620642269625e-01	5.971239443367550720e-02	1.879384489263917143e-02	5.783885476433652841e-03	2.289294629653471427e-02	1.481784377613115655e-01	6.289449699358870202e-03	-1.101400482901199358e-02	9.415252174881848235e-02	-3.504732816820400800e-03	-3.283650038175820948e-03	1.064240620316769387e-01	-6.336966152480903725e-02	2.457833868972926841e-02	8.558741621970805680e-02	2.819716174998795725e-03	2.418126033129085889e-02	-2.378684141722542042e-02	1.524766198406000417e-01	-9.527251305685890959e-02	2.039542016963339643e-01	-8.048083666954661264e-02	-1.783684203189865244e-02	-2.439758136551373885e-02	-3.966822957218440332e-02	-1.018329198813844177e-01	0.000000000000000000e+00	1.237171293546684148e-01	8.673618916855574401e-02	1.025773607792823672e-02	-1.451967437004561545e-01	-1.101110084632645203e-01	7.687471458509655131e-03	2.960669184342443749e-01
-3.330865169421415306e-02	1.670896433944260850e-01	-3.975982944458122254e-02	4.861493797884201243e-04	2.220774707055686581e-02	-2.938692442706522870e-02	9.240329896256750664e-02	3.841869943027240164e-02	4.644071836700735395e-02	-6.860167693565958865e-05	-1.022378598194093047e-02	4.965990755620881131e-02	1.382554682887464081e-01	1.417827192810428363e-02	2.091602426756951696e-02	-1.640518569224776180e-01	1.880033142315106764e-01	1.838773517586578775e-03	1.799887682880300932e-01	1.448707622203108079e-02	4.356651239296564088e-02	2.873535433230486533e-02	-8.735480426963928083e-03	-4.513080548065388775e-02	-1.645113205750547633e-02	1.998223140463332714e-01	-2.450957381416527664e-02	-5.322207151475417952e-02	-8.460961928658654319e-02	1.407931837147422260e-01	1.096850426831603303e-01	-3.891029420663259103e-02	3.204270396210422058e-03	-3.383619181282033345e-02	-2.806995403611153503e-02	4.125349217326850788e-06	-2.115365994277301764e-01	-1.819632540741960083e-02	-1.831293943296979573e-02	-2.130019325771680128e-02	1.237171293546686646e-01	0.000000000000000000e+00	1.637753442420990524e-01	1.026666145507669908e-01	2.010196866031423446e-01	1.071789607839157832e-01	-3.230368843131546739e-03	-1.898700155525048505e-01
1.517249714401928129e-01	1.794715230795062011e-01	-1.029642285437153970e-01	-1.066040958730837956e-01	-1.444337269980883187e-01	1.494881883364022335e-01	-8.078212384865651741e-02	9.335789378323119947e-02	1.086115117274348285e-01	5.513649630394551471e-02	-9.592186469987730446e-02	-1.287841731058268213e-01	-1.508734027899234081e-02	-1.419178647085456504e-02	9.793660529224418321e-02	-1.790217732860557506e-02	-5.787799644851500391e-02	8.054056498148506882e-02	1.605534552717444996e-01	-3.892419156567798744e-02	-2.242109246187279012e-02	-7.790315016437296403e-02	5.997074350004184817e-02	-8.537790473273861036e-02	8.438362307094146586e-02	-5.099405232566739388e-02	-9.594032206215148684e-02	-4.995904448529901731e-02	1.800972896439384865e-02	1.955412341409590651e-02	4.836312566452522638e-02	1.232573391916997330e-01	5.280764209538250757e-03	6.861386251768780697e-02	-4.794214651157636259e-02	5.963007799693482297e-02	2.353059927787911620e-01	-1.091203326122964501e-01	6.179208252474224089e-02	-7.230688745547629581e-02	8.673618916855528604e-02	1.637753442420998573e-01	0.000000000000000000e+00	-4.185363299844069990e-02	2.074900718476783978e-01	3.334996555613647384e-01	2.238857175013692427e-02	-3.539820549925594417e-02
1.335441059115742013e-01	1.922545035808827518e-01	-3.814951161980673078e-02	-8.888496531146650170e-02	1.187261562429028777e-01	7.130682380501408846e-02	-3.096943958593622800e-02	2.184460713014168554e-01	2.066183070297344243e-02	-3.656933372141852462e-02	5.800009599302385216e-02	-2.202402048611394880e-01	1.723893697731762945e-02	-3.839507754757993246e-02	8.781453071149579459e-02	7.519067306613033685e-02	1.503179093808558464e-01	-2.342229945940674241e-01	2.837184094539532339e-02	-4.346174903234342746e-03	-1.409639551118441192e-01	-4.314780504318558967e-03	1.887574366643341994e-01	-1.399191690257944876e-02	1.232700632854736855e-01	-1.350122907359978253e-01	-4.237993071910196169e-02	6.105856365535717450e-02	1.518391562131254369e-01	-5.796085759936314002e-02	1.162983968519840268e-02	-1.924535962417390361e-02	8.613266712997075247e-02	1.702029550738947961e-01	-2.362449957537990919e-01	-6.299445651521277945e-02	-9.531933840703599864e-03	-7.278157846178329171e-02	9.912365443545723132e-02	-2.366496973611128748e-02	1.025773607792782038e-02	1.026666145507674210e-01	-4.185363299844212931e-02	0.000000000000000000e+00	1.223999349175165230e-01	2.079911276567293354e-01	-7.173662494216395680e-02	-1.163162789414447229e-01
4.835203958016594944e-02	7.034276948701491394e-02	3.276310805603412091e-02	4.044813319284726316e-02	3.921237481359371446e-02	-2.536820340193326473e-01	1.329711137721467928e-01	7.422814546368694533e-02	-1.110601383709802492e-01	-1.947898033849311886e-02	1.793892074625975247e-02	1.489333177022811316e-01	5.722972394998195045e-02	4.812633102121905565e-02	9.312340999529994390e-02	-2.654811021641523619e-03	5.734926312367928658e-02	-2.642571545010687431e-02	-4.390577441456151170e-02	-7.912504788681447299e-02	1.010790551629448669e-01	-1.286622984566724581e-01	3.658898547597086437e-02	1.176121744968001009e-01	-1.188356882990464491e-01	-2.205062762674280669e-02	1.585080821500816917e-01	6.699534745028863647e-02	1.028457563863088980e-01	-1.347240964305168598e-01	-8.159391538386306236e-03	6.174397578662309261e-02	2.101671380879428785e-02	-2.699683578829655262e-01	2.663988152426113309e-01	4.128968264759464574e-02	-5.496234678332145851e-02	-1.651787678266512516e-01	-4.813592277807533792e-02	-3.337148460768823554e-03	-1.451967437004565709e-01	2.010196866031419838e-01	2.074900718476791472e-01	1.223999349175162316e-01	0.000000000000000000e+00	2.032341321980569437e-01	7.647200207013658824e-02	7.473225829773395834e-02
-8.712513148415301778e-02	-1.091925856553360441e-01	3.317956007373221855e-02	-5.621180510258319551e-02	7.706494597545793246e-02	-3.466846141850998125e-02	4.980580018832280603e-02	-2.009245484425591644e-01	-1.482253512125830397e-01	3.097726079070621807e-01	-1.214464840295864240e-01	1.465867178053536883e-02	1.400834251013012566e-01	1.565150731733000733e-01	-2.779809023000340273e-02	-2.379724464988139734e-02	9.403849570620073650e-02	-4.542058741734512212e-02	-8.916174328717874076e-02	2.099748419259869422e-02	-1.349459798300150018e-02	-4.638406702094160887e-03	1.843375813369448613e-01	5.955547930600540302e-02	-2.764910102318277052e-02	1.014045270671693616e-01	1.160033957643771957e-01	8.907341563004043949e-02	-3.833327731938930560e-02	-1.659160277292814206e-02	-2.955915585101782928e-02	4.406215749591656239e-02	-1.722700164127745001e-02	-6.647062095286579431e-02	4.454972328970580563e-03	-5.026655233783872828e-02	-1.186919706025341831e-02	-7.270661122955343614e-02	-4.745498666815047527e-03	-6.289484116061154484e-02	-1.101110084632647285e-01	1.071789607839152281e-01	3.334996555613664593e-01	2.079911276567289191e-01	2.032341321980575821e-01	0.000000000000000000e+00	-3.191118626549687733e-03	1.183582657535747762e-01
-2.324420030269721410e-02	5.906947678053244694e-02	-1.263719535460051668e-01	-8.323417627549455078e-02	1.570998884625342817e-01	3.543553030166234769e-02	-4.887912856827975440e-04	-3.780266351049797052e-02	2.892301930034982954e-02	1.436426868695635066e-02	1.234321711673941196e-01	-5.148884769954122781e-02	-5.175056180433716679e-02	-2.499860107392662054e-02	4.865510107433802800e-02	-2.895493470127475169e-02	-2.396051117890752105e-02	-7.352324539756001365e-02	-7.650246669280380551e-02	1.036747772832751213e-01	9.079456939855695685e-02	-7.643060625689789001e-02	-6.103987070831825429e-02	3.990432388432194610e-01	-7.661248810898974027e-02	1.623509777588268144e-02	2.890279413742577810e-02	-6.677310413722392646e-02	-3.469458245647409622e-02	-2.157482790970942713e-02	1.440475040007990204e-01	2.972040825129163011e-01	-1.458999744041082798e-02	5.415842050249471823e-03	6.224498723722397819e-02	5.241219954525045549e-02	1.513983565936136699e-01	-1.450147736582760825e-02	1.338844016316086127e-01	-1.164434796741695283e-01	7.687471458509727122e-03	-3.230368843130990760e-03	2.238857175013658080e-02	-7.173662494216420660e-02	7.647200207013717110e-02	-3.191118626549447473e-03	0.000000000000000000e+00	1.659848721311227571e-01
2.560256123286201446e-01	-1.178329270671375911e-01	-2.618299246810694772e-02	-8.149178701843033668e-02	-2.409349112260459821e-02	-5.369253753018906478e-02	5.465396532905200666e-02	2.517757187854104475e-02	-4.513384686891914327e-02	-1.045034759548031482e-02	-2.465549371824771966e-04	-1.061139401211909500e-01	5.269384504191049895e-02	5.489817919002766555e-02	1.126429440486722555e-01	1.192214457936386363e-01	7.017565747828580225e-02	-5.885670695084909559e-02	-1.551712880548259538e-03	5.334978113040936276e-02	-7.772780042983490345e-02	-1.013179188647971574e-01	5.858649516850727296e-02	1.893902420176188095e-01	1.033898732192216688e-02	-6.458569026672776603e-02	-9.459197232029807612e-02	1.488112542592197850e-02	9.858872785134058236e-02	-1.678393642410070871e-02	2.480056720429553441e-02	-6.570876121324027708e-02	8.842723996716148060e-02	4.557527508103337982e-02	-1.638912218572118606e-01	6.889100287465482406e-03	-1.233436970582399428e-01	-3.016101073022237067e-02	-4.631750515499166027e-02	3.988716464853583332e-01	2.960669184342443749e-01	-1.898700155525045175e-01	-3.539820549925602744e-02	-1.163162789414443760e-01	7.473225829773313955e-02	1.183582657535746790e-01	1.659848721311227293e-01	0.000000000000000000e+00
